{
    "name": "All Requests",
    "numberOfRequests": {
        "total": 22248,
        "ok": 22242,
        "ko": 6
    },
    "minResponseTime": {
        "total": 46,
        "ok": 46,
        "ko": 311
    },
    "maxResponseTime": {
        "total": 16571,
        "ok": 16571,
        "ko": 14921
    },
    "meanResponseTime": {
        "total": 393,
        "ok": 392,
        "ko": 2941
    },
    "standardDeviation": {
        "total": 994,
        "ok": 989,
        "ko": 5361
    },
    "percentiles1": {
        "total": 104,
        "ok": 104,
        "ko": 624
    },
    "percentiles2": {
        "total": 367,
        "ok": 366,
        "ko": 791
    },
    "percentiles3": {
        "total": 1328,
        "ok": 1328,
        "ko": 11389
    },
    "percentiles4": {
        "total": 2560,
        "ok": 2524,
        "ko": 14215
    },
    "group1": {
    "name": "t < 800 ms",
    "htmlName": "t < 800 ms",
    "count": 18749,
    "percentage": 84.2727436174038
},
    "group2": {
    "name": "800 ms <= t < 1200 ms",
    "htmlName": "t >= 800 ms <br> t < 1200 ms",
    "count": 2032,
    "percentage": 9.133405249910103
},
    "group3": {
    "name": "t >= 1200 ms",
    "htmlName": "t >= 1200 ms",
    "count": 1461,
    "percentage": 6.56688241639698
},
    "group4": {
    "name": "failed",
    "htmlName": "failed",
    "count": 6,
    "percentage": 0.026968716289104636
},
    "meanNumberOfRequestsPerSecond": {
        "total": 118.34042553191489,
        "ok": 118.30851063829788,
        "ko": 0.031914893617021274
    }
}